<?xml version="1.0" encoding="UTF-8"?>
<beans xmlns="http://www.springframework.org/schema/beans"
    xmlns:xsi="http://www.w3.org/2001/XMLSchema-instance"
    xmlns:context="http://www.springframework.org/schema/context"
    xsi:schemaLocation="
        http://www.springframework.org/schema/beans 
        http://www.springframework.org/schema/beans/spring-beans-3.0.xsd
        http://www.springframework.org/schema/context 
        http://www.springframework.org/schema/context/spring-context-3.0.xsd
        ">

<!-- To work with annotation -->
<context:annotation-config/>

<!-- To scan the controller -->
<context:component-scan base-package="com.eventhandling.demo"></context:component-scan>

<!-- To find out the view for response -->
<bean id="jspViewResolver" class="org.springframework.web.servlet.view.InternalResourceViewResolver">
	<property name="prefix" value="/WEB-INF/view/"></property>
	<property name="suffix" value=".jsp"></property>
</bean>
<!-- To get objects of class -->
<bean id="startEventHandler" class="com.eventhandling.demo.StartEventHandler"></bean>
<bean id="stopEventHandler" class="com.eventhandling.demo.StopEventHandler"></bean>

<!-- To get the object of Custom Handler -->
<bean id="cep" class="com.eventhandling.demo.CustomEventPublisher"></bean>
<bean id="cel" class="com.eventhandling.demo.CustomEventLisner"></bean>

 </beans>